Culture;Block;Mixture;Days;Species;Individual_mass;Mean_LA;Mean_SLA;Initial_relbiomass;Final_relbiomass
J0B1Lm;1;Lm;0;Lm;1.6;11.5202;7.200125;86.36666667;85.9
J0B1Sp;1;Sp;0;Sp;3.38;26.3387;7.792514793;67.93333333;67.6
J0B1Wc;1;Wc;0;Wc;0.12;0.3236;2.696666667;77.63333333;77.4
J0B1Lt;1;Lt;0;Lt;2.15;12.523;5.824651163;64;55.1
J0B1LmSp;1;LmSp;0;Lm;1.6;11.5202;7.200125;43.18333333;42.95
J0B1LmSp;1;LmSp;0;Sp;3.38;26.3387;7.792514793;33.96666667;33.8
J0B1LmWc;1;LmWc;0;Lm;1.6;11.5202;7.200125;43.18333333;42.95
J0B1LmWc;1;LmWc;0;Wc;0.12;0.3236;2.696666667;38.81666667;38.7
J0B1LmLt;1;LmLt;0;Lm;1.6;11.5202;7.200125;43.18333333;42.95
J0B1LmLt;1;LmLt;0;Lt;2.15;12.523;5.824651163;32;27.55
J0B1SpWc;1;SpWc;0;Sp;3.38;26.3387;7.792514793;33.96666667;33.8
J0B1SpWc;1;SpWc;0;Wc;0.12;0.3236;2.696666667;38.81666667;38.7
J0B1SpLt;1;SpLt;0;Sp;3.38;26.3387;7.792514793;33.96666667;33.8
J0B1SpLt;1;SpLt;0;Lt;2.15;12.523;5.824651163;32;27.55
J0B1WcLt;1;WcLt;0;Wc;0.12;0.3236;2.696666667;38.81666667;38.7
J0B1WcLt;1;WcLt;0;Lt;2.15;12.523;5.824651163;32;27.55
J0B1LmSpWc;1;LmSpWc;0;Lm;1.6;11.5202;7.200125;30.22833333;30.065
J0B1LmSpWc;1;LmSpWc;0;Sp;3.38;26.3387;7.792514793;24.26190476;24.14285714
J0B1LmSpWc;1;LmSpWc;0;Wc;0.12;0.3236;2.696666667;25.87777778;25.8
J0B1LmSpLt;1;LmSpLt;0;Lm;1.6;11.5202;7.200125;30.22833333;30.065
J0B1LmSpLt;1;LmSpLt;0;Sp;3.38;26.3387;7.792514793;24.26190476;24.14285714
J0B1LmSpLt;1;LmSpLt;0;Lt;2.15;12.523;5.824651163;20.57142857;17.71071429
J0B1LmWcLt;1;LmWcLt;0;Lm;1.6;11.5202;7.200125;30.22833333;30.065
J0B1LmWcLt;1;LmWcLt;0;Wc;0.12;0.3236;2.696666667;25.87777778;25.8
J0B1LmWcLt;1;LmWcLt;0;Lt;2.15;12.523;5.824651163;20.57142857;17.71071429
J0B1SpWcLt;1;SpWcLt;0;Sp;3.38;26.3387;7.792514793;24.26190476;24.14285714
J0B1SpWcLt;1;SpWcLt;0;Wc;0.12;0.3236;2.696666667;25.87777778;25.8
J0B1SpWcLt;1;SpWcLt;0;Lt;2.15;12.523;5.824651163;20.57142857;17.71071429
J0B1LmSpWcLt;1;LmSpWcLt;0;Lm;1.6;11.5202;7.200125;21.59166667;21.475
J0B1LmSpWcLt;1;LmSpWcLt;0;Sp;3.38;26.3387;7.792514793;19.40952381;19.31428571
J0B1LmSpWcLt;1;LmSpWcLt;0;Wc;0.12;0.3236;2.696666667;19.40833333;19.35
J0B1LmSpWcLt;1;LmSpWcLt;0;Lt;2.15;12.523;5.824651163;16;13.775
J0B2Lm;2;Lm;0;Lm;1.32;10.1734;7.707121212;86.36666667;85.1
J0B2Sp;2;Sp;0;Sp;4.09;28.2216;6.900146699;67.93333333;72.2
J0B2Wc;2;Wc;0;Wc;0.13;0.3629;2.791538462;77.63333333;82.3
J0B2Lt;2;Lt;0;Lt;1;10.0425;10.0425;64;67.2
J0B2LmSp;2;LmSp;0;Lm;1.32;10.1734;7.707121212;43.18333333;42.55
J0B2LmSp;2;LmSp;0;Sp;4.09;28.2216;6.900146699;33.96666667;36.1
J0B2LmWc;2;LmWc;0;Lm;1.32;10.1734;7.707121212;43.18333333;42.55
J0B2LmWc;2;LmWc;0;Wc;0.13;0.3629;2.791538462;38.81666667;41.15
J0B2LmLt;2;LmLt;0;Lm;1.32;10.1734;7.707121212;43.18333333;42.55
J0B2LmLt;2;LmLt;0;Lt;1;10.0425;10.0425;32;33.6
J0B2SpWc;2;SpWc;0;Sp;4.09;28.2216;6.900146699;33.96666667;36.1
J0B2SpWc;2;SpWc;0;Wc;0.13;0.3629;2.791538462;38.81666667;41.15
J0B2SpLt;2;SpLt;0;Sp;4.09;28.2216;6.900146699;33.96666667;36.1
J0B2SpLt;2;SpLt;0;Lt;1;10.0425;10.0425;32;33.6
J0B2WcLt;2;WcLt;0;Wc;0.13;0.3629;2.791538462;38.81666667;41.15
J0B2WcLt;2;WcLt;0;Lt;1;10.0425;10.0425;32;33.6
J0B2LmSpWc;2;LmSpWc;0;Lm;1.32;10.1734;7.707121212;30.22833333;29.785
J0B2LmSpWc;2;LmSpWc;0;Sp;4.09;28.2216;6.900146699;24.26190476;25.78571429
J0B2LmSpWc;2;LmSpWc;0;Wc;0.13;0.3629;2.791538462;25.87777778;27.43333333
J0B2LmSpLt;2;LmSpLt;0;Lm;1.32;10.1734;7.707121212;30.22833333;29.785
J0B2LmSpLt;2;LmSpLt;0;Sp;4.09;28.2216;6.900146699;24.26190476;25.78571429
J0B2LmSpLt;2;LmSpLt;0;Lt;1;10.0425;10.0425;20.57142857;21.6
J0B2LmWcLt;2;LmWcLt;0;Lm;1.32;10.1734;7.707121212;30.22833333;29.785
J0B2LmWcLt;2;LmWcLt;0;Wc;0.13;0.3629;2.791538462;25.87777778;27.43333333
J0B2LmWcLt;2;LmWcLt;0;Lt;1;10.0425;10.0425;20.57142857;21.6
J0B2SpWcLt;2;SpWcLt;0;Sp;4.09;28.2216;6.900146699;24.26190476;25.78571429
J0B2SpWcLt;2;SpWcLt;0;Wc;0.13;0.3629;2.791538462;25.87777778;27.43333333
J0B2SpWcLt;2;SpWcLt;0;Lt;1;10.0425;10.0425;20.57142857;21.6
J0B2LmSpWcLt;2;LmSpWcLt;0;Lm;1.32;10.1734;7.707121212;21.59166667;21.275
J0B2LmSpWcLt;2;LmSpWcLt;0;Sp;4.09;28.2216;6.900146699;19.40952381;20.62857143
J0B2LmSpWcLt;2;LmSpWcLt;0;Wc;0.13;0.3629;2.791538462;19.40833333;20.575
J0B2LmSpWcLt;2;LmSpWcLt;0;Lt;1;10.0425;10.0425;16;16.8
J0B3Lm;3;Lm;0;Lm;1.4;11.7577;8.398357143;86.36666667;88.1
J0B3Sp;3;Sp;0;Sp;3.38;23.2277;6.872100592;67.93333333;64
J0B3Wc;3;Wc;0;Wc;0.16;0.3651;2.281875;77.63333333;73.2
J0B3Lt;3;Lt;0;Lt;1.77;11.8203;6.678135593;64;69.7
J0B3LmSp;3;LmSp;0;Lm;1.4;11.7577;8.398357143;43.18333333;44.05
J0B3LmSp;3;LmSp;0;Sp;3.38;23.2277;6.872100592;33.96666667;32
J0B3LmWc;3;LmWc;0;Lm;1.4;11.7577;8.398357143;43.18333333;44.05
J0B3LmWc;3;LmWc;0;Wc;0.16;0.3651;2.281875;38.81666667;36.6
J0B3LmLt;3;LmLt;0;Lm;1.4;11.7577;8.398357143;43.18333333;44.05
J0B3LmLt;3;LmLt;0;Lt;1.77;11.8203;6.678135593;32;34.85
J0B3SpWc;3;SpWc;0;Sp;3.38;23.2277;6.872100592;33.96666667;32
J0B3SpWc;3;SpWc;0;Wc;0.16;0.3651;2.281875;38.81666667;36.6
J0B3SpLt;3;SpLt;0;Sp;3.38;23.2277;6.872100592;33.96666667;32
J0B3SpLt;3;SpLt;0;Lt;1.77;11.8203;6.678135593;32;34.85
J0B3WcLt;3;WcLt;0;Wc;0.16;0.3651;2.281875;38.81666667;36.6
J0B3WcLt;3;WcLt;0;Lt;1.77;11.8203;6.678135593;32;34.85
J0B3LmSpWc;3;LmSpWc;0;Lm;1.4;11.7577;8.398357143;30.22833333;30.835
J0B3LmSpWc;3;LmSpWc;0;Sp;3.38;23.2277;6.872100592;24.26190476;22.85714286
J0B3LmSpWc;3;LmSpWc;0;Wc;0.16;0.3651;2.281875;25.87777778;24.4
J0B3LmSpLt;3;LmSpLt;0;Lm;1.4;11.7577;8.398357143;30.22833333;30.835
J0B3LmSpLt;3;LmSpLt;0;Sp;3.38;23.2277;6.872100592;24.26190476;22.85714286
J0B3LmSpLt;3;LmSpLt;0;Lt;1.77;11.8203;6.678135593;20.57142857;22.40357143
J0B3LmWcLt;3;LmWcLt;0;Lm;1.4;11.7577;8.398357143;30.22833333;30.835
J0B3LmWcLt;3;LmWcLt;0;Wc;0.16;0.3651;2.281875;25.87777778;24.4
J0B3LmWcLt;3;LmWcLt;0;Lt;1.77;11.8203;6.678135593;20.57142857;22.40357143
J0B3SpWcLt;3;SpWcLt;0;Sp;3.38;23.2277;6.872100592;24.26190476;22.85714286
J0B3SpWcLt;3;SpWcLt;0;Wc;0.16;0.3651;2.281875;25.87777778;24.4
J0B3SpWcLt;3;SpWcLt;0;Lt;1.77;11.8203;6.678135593;20.57142857;22.40357143
J0B3LmSpWcLt;3;LmSpWcLt;0;Lm;1.4;11.7577;8.398357143;21.59166667;22.025
J0B3LmSpWcLt;3;LmSpWcLt;0;Sp;3.38;23.2277;6.872100592;19.40952381;18.28571429
J0B3LmSpWcLt;3;LmSpWcLt;0;Wc;0.16;0.3651;2.281875;19.40833333;18.3
J0B3LmSpWcLt;3;LmSpWcLt;0;Lt;1.77;11.8203;6.678135593;16;17.425
J20B1Lm;1;Lm;20;Lm;1.91;11.6057;6.076282723;86.36666667;1154.3
J20B1Sp;1;Sp;20;Sp;4.88;27.3145;5.597233607;67.93333333;963.6
J20B1Wc;1;Wc;20;Wc;0.18;0.7546;4.192222222;77.63333333;969.5
J20B1Lt;1;Lt;20;Lt;2.08;13.8381;6.652932692;64;67.3
J20B1LmSp;1;LmSp;20;Lm;2.26;12.3104;5.447079646;43.18333333;624
J20B1LmSp;1;LmSp;20;Sp;5.02;31.5454;6.283944223;33.96666667;405.7
J20B1LmWc;1;LmWc;20;Lm;2.37;11.8522;5.00092827;43.18333333;560.4
J20B1LmWc;1;LmWc;20;Wc;0.19;0.4196;2.208421053;38.81666667;452.7
J20B1LmLt;1;LmLt;20;Lm;2.35;12.8569;5.471021277;43.18333333;974
J20B1LmLt;1;LmLt;20;Lt;1.65;14.5253;8.803212121;32;35.6
J20B1SpWc;1;SpWc;20;Sp;4.58;34.1692;7.460524017;33.96666667;445.9
J20B1SpWc;1;SpWc;20;Wc;0.21;0.4992;2.377142857;38.81666667;532.2
J20B1SpLt;1;SpLt;20;Sp;6.5;37.9136;5.832861538;33.96666667;839.2
J20B1SpLt;1;SpLt;20;Lt;2.54;11.3636;4.473858268;32;45.5
J20B1WcLt;1;WcLt;20;Wc;0.25;0.4835;1.934;38.81666667;893.9
J20B1WcLt;1;WcLt;20;Lt;1.89;22.1032;11.69481481;32;48
J20B1LmSpWc;1;LmSpWc;20;Lm;2.04;12.1327;5.947401961;30.22833333;399.3
J20B1LmSpWc;1;LmSpWc;20;Sp;46.1;30.0306;0.651422993;24.26190476;283.3
J20B1LmSpWc;1;LmSpWc;20;Wc;0.24;0.5422;2.259166667;25.87777778;321.9
J20B1LmSpLt;1;LmSpLt;20;Lm;2.15;11.8228;5.498976744;30.22833333;458.6
J20B1LmSpLt;1;LmSpLt;20;Sp;5.35;32.6869;6.109700935;24.26190476;403
J20B1LmSpLt;1;LmSpLt;20;Lt;1.54;10.3512;6.721558442;20.57142857;25.9
J20B1LmWcLt;1;LmWcLt;20;Lm;1.88;11.7514;6.250744681;30.22833333;586.7
J20B1LmWcLt;1;LmWcLt;20;Wc;0.18;0.4447;2.470555556;25.87777778;386
J20B1LmWcLt;1;LmWcLt;20;Lt;1.11;10.5415;9.496846847;20.57142857;18.1
J20B1SpWcLt;1;SpWcLt;20;Sp;5.97;32.2527;5.402462312;24.26190476;472.3
J20B1SpWcLt;1;SpWcLt;20;Wc;0.24;0.5155;2.147916667;25.87777778;485.1
J20B1SpWcLt;1;SpWcLt;20;Lt;1.87;11.1745;5.975668449;20.57142857;25.6
J20B1LmSpWcLt;1;LmSpWcLt;20;Lm;1.91;11.5182;6.030471204;21.59166667;315.3
J20B1LmSpWcLt;1;LmSpWcLt;20;Sp;4.53;29.9057;6.601699779;19.40952381;328.3
J20B1LmSpWcLt;1;LmSpWcLt;20;Wc;0.19;0.4985;2.623684211;19.40833333;293
J20B1LmSpWcLt;1;LmSpWcLt;20;Lt;1.37;10.788;7.874452555;16;16.9
J20B2Lm;2;Lm;20;Lm;1.64;10.8704;6.628292683;86.36666667;1178.7
J20B2Sp;2;Sp;20;Sp;4.31;28.4334;6.597076566;67.93333333;827.8
J20B2Wc;2;Wc;20;Wc;0.18;0.4573;2.540555556;77.63333333;983.8
J20B2Lt;2;Lt;20;Lt;1.2;9.4422;7.8685;64;45.4
J20B2LmSp;2;LmSp;20;Lm;2.26;12.4446;5.506460177;43.18333333;642.1
J20B2LmSp;2;LmSp;20;Sp;4.22;25.4492;6.030616114;33.96666667;381.1
J20B2LmWc;2;LmWc;20;Lm;2.45;12.7176;5.190857143;43.18333333;702.5
J20B2LmWc;2;LmWc;20;Wc;0.2;0.3818;1.909;38.81666667;388.4
J20B2LmLt;2;LmLt;20;Lm;2.14;11.8811;5.551915888;43.18333333;854.5
J20B2LmLt;2;LmLt;20;Lt;1.19;9.2172;7.745546218;32;27.6
J20B2SpWc;2;SpWc;20;Sp;4.5;29.9377;6.652822222;33.96666667;414.4
J20B2SpWc;2;SpWc;20;Wc;2.2;0.4252;0.193272727;38.81666667;505.5
J20B2SpLt;2;SpLt;20;Sp;4.67;29.4151;6.298736617;33.96666667;593.5
J20B2SpLt;2;SpLt;20;Lt;1.25;9.1014;7.28112;32;24
J20B2WcLt;2;WcLt;20;Wc;0.22;0.5004;2.274545455;38.81666667;752.6
J20B2WcLt;2;WcLt;20;Lt;1.82;9.9018;5.440549451;32;30.8
J20B2LmSpWc;2;LmSpWc;20;Lm;2.5;12.3087;4.92348;30.22833333;553
J20B2LmSpWc;2;LmSpWc;20;Sp;3.38;24.2595;7.177366864;24.26190476;187.3
J20B2LmSpWc;2;LmSpWc;20;Wc;0.16;0.4009;2.505625;25.87777778;274
J20B2LmSpLt;2;LmSpLt;20;Lm;1.91;12.4734;6.530575916;30.22833333;550.1
J20B2LmSpLt;2;LmSpLt;20;Sp;3.94;26.891;6.825126904;24.26190476;318.7
J20B2LmSpLt;2;LmSpLt;20;Lt;1.82;10.2461;5.629725275;20.57142857;20.7
J20B2LmWcLt;2;LmWcLt;20;Lm;1.8;12.1848;6.769333333;30.22833333;569.3
J20B2LmWcLt;2;LmWcLt;20;Wc;0.18;0.5044;2.802222222;25.87777778;368.5
J20B2LmWcLt;2;LmWcLt;20;Lt;1.58;17.3168;10.96;20.57142857;20.4
J20B2SpWcLt;2;SpWcLt;20;Sp;5.03;29.4982;5.86445328;24.26190476;423.9
J20B2SpWcLt;2;SpWcLt;20;Wc;0.23;0.4723;2.053478261;25.87777778;517.3
J20B2SpWcLt;2;SpWcLt;20;Lt;1.86;10.1788;5.472473118;20.57142857;23.6
J20B2LmSpWcLt;2;LmSpWcLt;20;Lm;2.4;12.557;5.232083333;21.59166667;403.8
J20B2LmSpWcLt;2;LmSpWcLt;20;Sp;4.26;26.8028;6.291737089;19.40952381;268.1
J20B2LmSpWcLt;2;LmSpWcLt;20;Wc;0.22;0.5135;2.334090909;19.40833333;241.6
J20B2LmSpWcLt;2;LmSpWcLt;20;Lt;1.27;8.7932;6.923779528;16;12.17
J20B3Lm;3;Lm;20;Lm;1.97;11.7765;5.977918782;86.36666667;939.4
J20B3Sp;3;Sp;20;Sp;4.62;30.4686;6.594935065;67.93333333;775.6
J20B3Wc;3;Wc;20;Wc;0.19;0.5203;2.738421053;77.63333333;940.5
J20B3Lt;3;Lt;20;Lt;1.69;9.8742;5.842721893;64;57.1
J20B3LmSp;3;LmSp;20;Lm;1.51;12.286;8.136423841;43.18333333;682
J20B3LmSp;3;LmSp;20;Sp;3.21;25.9997;8.099595016;33.96666667;261.3
J20B3LmWc;3;LmWc;20;Lm;1.82;12.0026;6.594835165;43.18333333;638.4
J20B3LmWc;3;LmWc;20;Wc;0.22;0.4329;1.967727273;38.81666667;403.4
J20B3LmLt;3;LmLt;20;Lm;2.04;12.5988;6.175882353;43.18333333;917.8
J20B3LmLt;3;LmLt;20;Lt;2.18;11.7205;5.376376147;32;39.1
J20B3SpWc;3;SpWc;20;Sp;5.54;31.1781;5.627815884;33.96666667;383
J20B3SpWc;3;SpWc;20;Wc;0.16;0.4192;2.62;38.81666667;533.5
J20B3SpLt;3;SpLt;20;Sp;5.55;31.314;5.642162162;33.96666667;656.3
J20B3SpLt;3;SpLt;20;Lt;1.33;9.1721;6.896315789;32;17.6
J20B3WcLt;3;WcLt;20;Wc;0.21;0.5191;2.471904762;38.81666667;770.9
J20B3WcLt;3;WcLt;20;Lt;1.46;10.6146;7.270273973;32;30.7
J20B3LmSpWc;3;LmSpWc;20;Lm;2.39;12.7401;5.330585774;30.22833333;457.1
J20B3LmSpWc;3;LmSpWc;20;Sp;4.17;28.6862;6.879184652;24.26190476;251.4
J20B3LmSpWc;3;LmSpWc;20;Wc;0.18;0.4814;2.674444444;25.87777778;280
J20B3LmSpLt;3;LmSpLt;20;Lm;1.66;12.3426;7.435301205;30.22833333;720
J20B3LmSpLt;3;LmSpLt;20;Sp;3.47;25.0709;7.225043228;24.26190476;176.3
J20B3LmSpLt;3;LmSpLt;20;Lt;1.76;11.6069;6.594829545;20.57142857;23.7
J20B3LmWcLt;3;LmWcLt;20;Lm;1.69;11.6814;6.912071006;30.22833333;591.8
J20B3LmWcLt;3;LmWcLt;20;Wc;0.18;0.4592;2.551111111;25.87777778;316
J20B3LmWcLt;3;LmWcLt;20;Lt;1.02;7.6427;7.492843137;20.57142857;16.2
J20B3SpWcLt;3;SpWcLt;20;Sp;4.91;29.3012;5.967657841;24.26190476;313.9
J20B3SpWcLt;3;SpWcLt;20;Wc;0.21;0.4976;2.36952381;25.87777778;445.6
J20B3SpWcLt;3;SpWcLt;20;Lt;1.5;10.0548;6.7032;20.57142857;20.5
J20B3LmSpWcLt;3;LmSpWcLt;20;Lm;1.59;11.2813;7.095157233;21.59166667;515
J20B3LmSpWcLt;3;LmSpWcLt;20;Sp;3.46;24.4616;7.06982659;19.40952381;132.4
J20B3LmSpWcLt;3;LmSpWcLt;20;Wc;0.18;0.4722;2.623333333;19.40833333;268
J20B3LmSpWcLt;3;LmSpWcLt;20;Lt;1.11;7.3171;6.591981982;16;11.7
J40B1Lm;1;Lm;40;Lm;1.6;9.9852;6.24075;86.36666667;2088.4
J40B1Sp;1;Sp;40;Sp;3.93;26.3594;6.707226463;67.93333333;1700.5
J40B1Wc;1;Wc;40;Wc;0.1;0.3303;3.303;77.63333333;2071.5
J40B1Lt;1;Lt;40;Lt;1.63;12.3294;7.56404908;64;113.1
J40B1LmSp;1;LmSp;40;Lm;1.37;9.4216;6.877080292;43.18333333;1294.3
J40B1LmSp;1;LmSp;40;Sp;3.12;25.3092;8.111923077;33.96666667;566.3
J40B1LmWc;1;LmWc;40;Lm;1.08;9.4139;8.716574074;43.18333333;1260
J40B1LmWc;1;LmWc;40;Wc;0.13;0.34;2.615384615;38.81666667;628.1
J40B1LmLt;1;LmLt;40;Lm;1.28;9.9943;7.808046875;43.18333333;2082.4
J40B1LmLt;1;LmLt;40;Lt;1.24;10.4144;8.398709677;32;56.7
J40B1SpWc;1;SpWc;40;Sp;2.93;26.2096;8.945255973;33.96666667;901.8
J40B1SpWc;1;SpWc;40;Wc;0.11;0.3279;2.980909091;38.81666667;903
J40B1SpLt;1;SpLt;40;Sp;4;30.9665;7.741625;33.96666667;1536.8
J40B1SpLt;1;SpLt;40;Lt;1.53;11.7865;7.703594771;32;57.5
J40B1WcLt;1;WcLt;40;Wc;0.1;0.3099;3.099;38.81666667;1970.6
J40B1WcLt;1;WcLt;40;Lt;1.5;12.7416;8.4944;32;35.5
J40B1LmSpWc;1;LmSpWc;40;Lm;1.07;11.3601;10.61691589;30.22833333;829.7
J40B1LmSpWc;1;LmSpWc;40;Sp;2.39;23.6393;9.890920502;24.26190476;372
J40B1LmSpWc;1;LmSpWc;40;Wc;0.1;0.3301;3.301;25.87777778;443.8
J40B1LmSpLt;1;LmSpLt;40;Lm;1.54;10.5692;6.863116883;30.22833333;1298.4
J40B1LmSpLt;1;LmSpLt;40;Sp;3.41;28.4105;8.331524927;24.26190476;487
J40B1LmSpLt;1;LmSpLt;40;Lt;1.31;14.9536;11.41496183;20.57142857;32
J40B1LmWcLt;1;LmWcLt;40;Lm;1.53;10.066;6.579084967;30.22833333;1246.1
J40B1LmWcLt;1;LmWcLt;40;Wc;0.12;0.3708;3.09;25.87777778;698.1
J40B1LmWcLt;1;LmWcLt;40;Lt;1.72;12.1318;7.053372093;20.57142857;29
J40B1SpWcLt;1;SpWcLt;40;Sp;3.52;26.3796;7.494204545;24.26190476;776.5
J40B1SpWcLt;1;SpWcLt;40;Wc;0.11;0.3618;3.289090909;25.87777778;874.2
J40B1SpWcLt;1;SpWcLt;40;Lt;1.2;10.5939;8.82825;20.57142857;23.3
J40B1LmSpWcLt;1;LmSpWcLt;40;Lm;1.39;10.1167;7.278201439;21.59166667;1002.9
J40B1LmSpWcLt;1;LmSpWcLt;40;Sp;3.46;26.5562;7.675202312;19.40952381;591.1
J40B1LmSpWcLt;1;LmSpWcLt;40;Wc;0.1;0.341;3.41;19.40833333;475.8
J40B1LmSpWcLt;1;LmSpWcLt;40;Lt;1.22;13.2955;10.89795082;16;33
J40B2Lm;2;Lm;40;Lm;1;8.5175;8.5175;86.36666667;1958.8
J40B2Sp;2;Sp;40;Sp;3.94;30.226;7.671573604;67.93333333;1622.5
J40B2Wc;2;Wc;40;Wc;0.12;0.3744;3.12;77.63333333;2065.3
J40B2Lt;2;Lt;40;Lt;1.33;9.56;7.187969925;64;90.8
J40B2LmSp;2;LmSp;40;Lm;1.78;11.4639;6.440393258;43.18333333;1309.3
J40B2LmSp;2;LmSp;40;Sp;4.1;29.6541;7.232707317;33.96666667;580.2
J40B2LmWc;2;LmWc;40;Lm;1.17;10.851;9.274358974;43.18333333;1080.6
J40B2LmWc;2;LmWc;40;Wc;0.11;0.3358;3.052727273;38.81666667;958.3
J40B2LmLt;2;LmLt;40;Lm;1.56;11.4574;7.344487179;43.18333333;1885.4
J40B2LmLt;2;LmLt;40;Lt;1.84;14.8796;8.08673913;32;61.4
J40B2SpWc;2;SpWc;40;Sp;3.84;28.0099;7.294244792;33.96666667;586.3
J40B2SpWc;2;SpWc;40;Wc;0.1;0.424;4.24;38.81666667;1133.1
J40B2SpLt;2;SpLt;40;Sp;4.78;34.8404;7.288786611;33.96666667;1694.2
J40B2SpLt;2;SpLt;40;Lt;1.47;11.6757;7.942653061;32;51.4
J40B2WcLt;2;WcLt;40;Wc;0.1;0.3284;3.284;38.81666667;2004.3
J40B2WcLt;2;WcLt;40;Lt;1.25;9.3086;7.44688;32;23.8
J40B2LmSpWc;2;LmSpWc;40;Lm;1.87;11.2379;6.009572193;30.22833333;830.4
J40B2LmSpWc;2;LmSpWc;40;Sp;3.47;25.9633;7.48221902;24.26190476;303
J40B2LmSpWc;2;LmSpWc;40;Wc;0.1;0.3551;3.551;25.87777778;826.5
J40B2LmSpLt;2;LmSpLt;40;Lm;1.73;11.3617;6.567456647;30.22833333;1035
J40B2LmSpLt;2;LmSpLt;40;Sp;3.7;28.6657;7.747486486;24.26190476;691
J40B2LmSpLt;2;LmSpLt;40;Lt;1.43;12.5241;8.758111888;20.57142857;37.8
J40B2LmWcLt;2;LmWcLt;40;Lm;1.31;9.8373;7.509389313;30.22833333;1279.3
J40B2LmWcLt;2;LmWcLt;40;Wc;0.09;0.3285;3.65;25.87777778;765.3
J40B2LmWcLt;2;LmWcLt;40;Lt;1.41;10.3844;7.364822695;20.57142857;20.3
J40B2SpWcLt;2;SpWcLt;40;Sp;4.16;33.037;7.941586538;24.26190476;656.2
J40B2SpWcLt;2;SpWcLt;40;Wc;0.1;0.4013;4.013;25.87777778;1069.7
J40B2SpWcLt;2;SpWcLt;40;Lt;1.7;11.1564;6.562588235;20.57142857;17.6
J40B2LmSpWcLt;2;LmSpWcLt;40;Lm;1.7;11.4744;6.749647059;21.59166667;917.8
J40B2LmSpWcLt;2;LmSpWcLt;40;Sp;2.94;23.4469;7.975136054;19.40952381;369.6
J40B2LmSpWcLt;2;LmSpWcLt;40;Wc;0.09;0.3948;4.386666667;19.40833333;664.8
J40B2LmSpWcLt;2;LmSpWcLt;40;Lt;1.17;8.3174;7.108888889;16;20.6
J40B3Lm;3;Lm;40;Lm;1.61;11.2095;6.96242236;86.36666667;2066.1
J40B3Sp;3;Sp;40;Sp;4.26;32.6203;7.657347418;67.93333333;1684.6
J40B3Wc;3;Wc;40;Wc;0.12;0.299;2.491666667;77.63333333;2162.3
J40B3Lt;3;Lt;40;Lt;1.94;16.38;8.443298969;64;121.9
J40B3LmSp;3;LmSp;40;Lm;1.82;13.1863;7.24521978;43.18333333;1472.2
J40B3LmSp;3;LmSp;40;Sp;3.45;26.2712;7.61484058;33.96666667;658.2
J40B3LmWc;3;LmWc;40;Lm;1.4;10.199;7.285;43.18333333;971.4
J40B3LmWc;3;LmWc;40;Wc;0.07;0.2968;4.24;38.81666667;1113.9
J40B3LmLt;3;LmLt;40;Lm;1.64;11.0326;6.727195122;43.18333333;1861.7
J40B3LmLt;3;LmLt;40;Lt;2.06;16.832556;8.171143689;32;101.2
J40B3SpWc;3;SpWc;40;Sp;3.37;28.2601;8.38578635;33.96666667;426.2
J40B3SpWc;3;SpWc;40;Wc;0.09;0.2978;3.308888889;38.81666667;1422.9
J40B3SpLt;3;SpLt;40;Sp;4.53;29.1859;6.442803532;33.96666667;1491
J40B3SpLt;3;SpLt;40;Lt;1.44;13.194;9.1625;32;77.2
J40B3WcLt;3;WcLt;40;Wc;0.11;0.2922;2.656363636;38.81666667;2091.3
J40B3WcLt;3;WcLt;40;Lt;1.59;10.2217;6.428742138;32;33.2
J40B3LmSpWc;3;LmSpWc;40;Lm;1.39;10.064;7.24028777;30.22833333;834.8
J40B3LmSpWc;3;LmSpWc;40;Sp;2.91;25.0554;8.610103093;24.26190476;229.8
J40B3LmSpWc;3;LmSpWc;40;Wc;0.03;0.2595;8.65;25.87777778;783.7
J40B3LmSpLt;3;LmSpLt;40;Lm;1.4;11.2974;8.069571429;30.22833333;1269.3
J40B3LmSpLt;3;LmSpLt;40;Sp;3.46;26.2047;7.573612717;24.26190476;472.4
J40B3LmSpLt;3;LmSpLt;40;Lt;1.71;15.3692;8.987836257;20.57142857;45
J40B3LmWcLt;3;LmWcLt;40;Lm;1.69;11.2262;6.642721893;30.22833333;1170.4
J40B3LmWcLt;3;LmWcLt;40;Wc;0.12;0.3105;2.5875;25.87777778;851
J40B3LmWcLt;3;LmWcLt;40;Lt;1.79;13.7693;7.692346369;20.57142857;47.2
J40B3SpWcLt;3;SpWcLt;40;Sp;3.03;23.2806;7.683366337;24.26190476;471
J40B3SpWcLt;3;SpWcLt;40;Wc;0.15;0.369;2.46;25.87777778;1302.3
J40B3SpWcLt;3;SpWcLt;40;Lt;1.62;11.2576;6.949135802;20.57142857;31
J40B3LmSpWcLt;3;LmSpWcLt;40;Lm;1.53;11.3465;7.416013072;21.59166667;1112.2
J40B3LmSpWcLt;3;LmSpWcLt;40;Sp;2.23;19.1264;8.576860987;19.40952381;169.1
J40B3LmSpWcLt;3;LmSpWcLt;40;Wc;0.09;0.2524;2.804444444;19.40833333;721.9
J40B3LmSpWcLt;3;LmSpWcLt;40;Lt;1.46;11.0778;7.587534247;16;32.9
J60B1Lm;1;Lm;60;Lm;1.2;9.033;7.5275;86.36666667;3238
J60B1Sp;1;Sp;60;Sp;3.38;26.0558;7.708816568;67.93333333;2192.1
J60B1Wc;1;Wc;60;Wc;0.13;0.2068;1.590769231;77.63333333;3139
J60B1Lt;1;Lt;60;Lt;2.02;12.6087;6.241930693;64;177.2
J60B1LmSp;1;LmSp;60;Lm;1.18;9.8224;8.324067797;43.18333333;2088.6
J60B1LmSp;1;LmSp;60;Sp;3.39;26.4068;7.789616519;33.96666667;609.1
J60B1LmWc;1;LmWc;60;Lm;0.98;7.9247;8.086428571;43.18333333;1855
J60B1LmWc;1;LmWc;60;Wc;0.07;0.242;3.457142857;38.81666667;1231.1
J60B1LmLt;1;LmLt;60;Lm;1.24;9.8467;7.940887097;43.18333333;2715
J60B1LmLt;1;LmLt;60;Lt;1.96;15.4721;7.893928571;32;176
J60B1SpWc;1;SpWc;60;Sp;3.01;23.0819;7.668405316;33.96666667;840.4
J60B1SpWc;1;SpWc;60;Wc;0.03;0.2162;7.206666667;38.81666667;1454.6
J60B1SpLt;1;SpLt;60;Sp;3.31;26.8388;8.108398792;33.96666667;2046.2
J60B1SpLt;1;SpLt;60;Lt;2.05;19.5981;9.56004878;32;200.1
J60B1WcLt;1;WcLt;60;Wc;0.05;0.2206;4.412;38.81666667;3105.9
J60B1WcLt;1;WcLt;60;Lt;1.4;10.5431;7.530785714;32;53.5
J60B1LmSpWc;1;LmSpWc;60;Lm;1.12;8.0304;7.17;30.22833333;1479.7
J60B1LmSpWc;1;LmSpWc;60;Sp;3.07;22.66015;7.381156352;24.26190476;647.2
J60B1LmSpWc;1;LmSpWc;60;Wc;0.03;0.2456;8.186666667;25.87777778;795.6
J60B1LmSpLt;1;LmSpLt;60;Lm;1.28;9.8641;7.706328125;30.22833333;1679
J60B1LmSpLt;1;LmSpLt;60;Sp;3.77;25.4567;6.752440318;24.26190476;825.6
J60B1LmSpLt;1;LmSpLt;60;Lt;1.77;14.6928;8.301016949;20.57142857;140.6
J60B1LmWcLt;1;LmWcLt;60;Lm;1.22;9.3736;7.683278689;30.22833333;1582.3
J60B1LmWcLt;1;LmWcLt;60;Wc;0.04;0.2321;5.8025;25.87777778;1186.6
J60B1LmWcLt;1;LmWcLt;60;Lt;1.76;11.8916;6.756590909;20.57142857;45.3
J60B1SpWcLt;1;SpWcLt;60;Sp;3.35;23.4295;6.993880597;24.26190476;1214.6
J60B1SpWcLt;1;SpWcLt;60;Wc;0.05;0.2162;4.324;25.87777778;1314.8
J60B1SpWcLt;1;SpWcLt;60;Lt;2.18;15.6107;7.16087156;20.57142857;77.5
J60B1LmSpWcLt;1;LmSpWcLt;60;Lm;1.34;9.1947;6.861716418;21.59166667;1198.7
J60B1LmSpWcLt;1;LmSpWcLt;60;Sp;3.25;24.5447;7.552215385;19.40952381;677.1
J60B1LmSpWcLt;1;LmSpWcLt;60;Wc;0.11;0.2121;1.928181818;19.40833333;843.3
J60B1LmSpWcLt;1;LmSpWcLt;60;Lt;2.55;17.133;6.718823529;16;55.5
J60B2Lm;2;Lm;60;Lm;1.23;9.2511;7.521219512;86.36666667;3309.8
J60B2Sp;2;Sp;60;Sp;4.15;29.3023;7.060795181;67.93333333;2301.4
J60B2Wc;2;Wc;60;Wc;0.08;0.2581;3.22625;77.63333333;3300
J60B2Lt;2;Lt;60;Lt;1.33;11.7321;8.82112782;64;127.3
J60B2LmSp;2;LmSp;60;Lm;1.2;8.6892;7.241;43.18333333;2245.6
J60B2LmSp;2;LmSp;60;Sp;3.06;26.8555;8.77630719;33.96666667;826.1
J60B2LmWc;2;LmWc;60;Lm;0.9;7.4273;8.252555556;43.18333333;2041
J60B2LmWc;2;LmWc;60;Wc;0.02;0.2228;11.14;38.81666667;1103.1
J60B2LmLt;2;LmLt;60;Lm;1.2;8.9462;7.455166667;43.18333333;2910.1
J60B2LmLt;2;LmLt;60;Lt;1.97;15.8874;8.064670051;32;145.3
J60B2SpWc;2;SpWc;60;Sp;3.18;25.4314;7.997295597;33.96666667;924.4
J60B2SpWc;2;SpWc;60;Wc;0.08;0.2439;3.04875;38.81666667;1727.8
J60B2SpLt;2;SpLt;60;Sp;4.58;29.4019;6.419628821;33.96666667;2515
J60B2SpLt;2;SpLt;60;Lt;2.26;19.3041;8.541637168;32;173.1
J60B2WcLt;2;WcLt;60;Wc;0.1;0.2322;2.322;38.81666667;3101
J60B2WcLt;2;WcLt;60;Lt;1.38;10.6958;7.75057971;32;42.6
J60B2LmSpWc;2;LmSpWc;60;Lm;1.1;9.4913;8.628454545;30.22833333;1770.6
J60B2LmSpWc;2;LmSpWc;60;Sp;3.11;23.3522;7.508745981;24.26190476;286.7
J60B2LmSpWc;2;LmSpWc;60;Wc;0.07;0.2383;3.404285714;25.87777778;929.1
J60B2LmSpLt;2;LmSpLt;60;Lm;1.02;8.751;8.579411765;30.22833333;2165.5
J60B2LmSpLt;2;LmSpLt;60;Sp;3.35;26.9117;8.033343284;24.26190476;491.2
J60B2LmSpLt;2;LmSpLt;60;Lt;2.4;20.2358;8.431583333;20.57142857;102.1
J60B2LmWcLt;2;LmWcLt;60;Lm;1.22;8.5623;7.018278689;30.22833333;1963.1
J60B2LmWcLt;2;LmWcLt;60;Wc;0.06;0.2222;3.703333333;25.87777778;1195
J60B2LmWcLt;2;LmWcLt;60;Lt;1.83;13.1396;7.18010929;20.57142857;72.7
J60B2SpWcLt;2;SpWcLt;60;Sp;3.06;23.8536;7.795294118;24.26190476;879.5
J60B2SpWcLt;2;SpWcLt;60;Wc;0.06;0.2118;3.53;25.87777778;1553.6
J60B2SpWcLt;2;SpWcLt;60;Lt;1.72;13.6177;7.917267442;20.57142857;42.3
J60B2LmSpWcLt;2;LmSpWcLt;60;Lm;1.36;9.2571;6.806691176;21.59166667;1393.2
J60B2LmSpWcLt;2;LmSpWcLt;60;Sp;2.73;20.5697;7.534688645;19.40952381;231.6
J60B2LmSpWcLt;2;LmSpWcLt;60;Wc;0.06;0.2543;4.238333333;19.40833333;1141.6
J60B2LmSpWcLt;2;LmSpWcLt;60;Lt;1.33;13.9701;10.50383459;16;32.9
J60B3Lm;3;Lm;60;Lm;1.39;10.3984;7.480863309;86.36666667;3041
J60B3Sp;3;Sp;60;Sp;7.43;28.7911;3.874979812;67.93333333;2510
J60B3Wc;3;Wc;60;Wc;0.01;0.2031;20.31;77.63333333;3476.1
J60B3Lt;3;Lt;60;Lt;1.4;11.0716;7.908285714;64;104.6
J60B3LmSp;3;LmSp;60;Lm;0.91;8.3398;9.164615385;43.18333333;1800.1
J60B3LmSp;3;LmSp;60;Sp;2.92;25.954;8.888356164;33.96666667;858.1
J60B3LmWc;3;LmWc;60;Lm;0.98;6.9244;7.065714286;43.18333333;1396.4
J60B3LmWc;3;LmWc;60;Wc;0.03;0.1664;5.546666667;38.81666667;1262.6
J60B3LmLt;3;LmLt;60;Lm;1.17;9.5692;8.178803419;43.18333333;2727.3
J60B3LmLt;3;LmLt;60;Lt;2.22;18.1156;8.16018018;32;124.1
J60B3SpWc;3;SpWc;60;Sp;3.07;25.9652;8.45771987;33.96666667;1030.8
J60B3SpWc;3;SpWc;60;Wc;0.06;0.222;3.7;38.81666667;1418.7
J60B3SpLt;3;SpLt;60;Sp;3.82;30.9159;8.093167539;33.96666667;2191.2
J60B3SpLt;3;SpLt;60;Lt;1.95;18.1169;9.290717949;32;135.5
J60B3WcLt;3;WcLt;60;Wc;0.04;0.1834;4.585;38.81666667;2943.8
J60B3WcLt;3;WcLt;60;Lt;1.1;10.0176;9.106909091;32;33.8
J60B3LmSpWc;3;LmSpWc;60;Lm;1.08;8.4923;7.863240741;30.22833333;1140.7
J60B3LmSpWc;3;LmSpWc;60;Sp;3.8;28.4651;7.490815789;24.26190476;1004.3
J60B3LmSpWc;3;LmSpWc;60;Wc;0.08;0.2543;3.17875;25.87777778;767.3
J60B3LmSpLt;3;LmSpLt;60;Lm;0.8;8.2007;10.250875;30.22833333;2119.5
J60B3LmSpLt;3;LmSpLt;60;Sp;3.26;27.9949;8.587392638;24.26190476;705.5
J60B3LmSpLt;3;LmSpLt;60;Lt;2.44;20.5236;8.411311475;20.57142857;137.4
J60B3LmWcLt;3;LmWcLt;60;Lm;1.22;8.7474;7.17;30.22833333;1721.6
J60B3LmWcLt;3;LmWcLt;60;Wc;0.04;0.2477;6.1925;25.87777778;1037
J60B3LmWcLt;3;LmWcLt;60;Lt;1.61;11.8979;7.39;20.57142857;50.2
J60B3SpWcLt;3;SpWcLt;60;Sp;3.75;31.0326;8.27536;24.26190476;1190.5
J60B3SpWcLt;3;SpWcLt;60;Wc;0.01;0.199;19.9;25.87777778;1249.5
J60B3SpWcLt;3;SpWcLt;60;Lt;2.15;17.2098;8.00455814;20.57142857;61.7
J60B3LmSpWcLt;3;LmSpWcLt;60;Lm;0.82;8.7337;10.65085366;21.59166667;896.1
J60B3LmSpWcLt;3;LmSpWcLt;60;Sp;2.84;27.1632;9.564507042;19.40952381;711
J60B3LmSpWcLt;3;LmSpWcLt;60;Wc;0.05;0.1836;3.672;19.40833333;805.5
J60B3LmSpWcLt;3;LmSpWcLt;60;Lt;1.72;17.9043;10.40947674;16;43.5